{"cameraMode":{"drawMode":0,"name":"Shaded","section":"Shading Mode"},"sceneLighting":true,"audioPlay":false,"sceneViewState":{"m_AlwaysRefresh":false,"showFog":true,"showSkybox":true,"showFlares":true,"showImageEffects":true,"showParticleSystems":true,"showVisualEffectGraphs":true,"m_FxEnabled":true},"in2DMode":false,"pivot":{"x":0.06387829780578613,"y":0.36968719959259035,"z":0.002968905260786414},"rotation":{"x":0.353747695684433,"y":0.23612242937088014,"z":-0.09278011322021485,"w":0.9002783894538879},"size":9.73965835571289,"orthographic":false}